{"cameraMode":{"drawMode":0,"name":"Shaded","section":"Shading Mode"},"sceneLighting":true,"audioPlay":false,"sceneViewState":{"m_AlwaysRefresh":false,"showFog":true,"showSkybox":true,"showFlares":true,"showImageEffects":true,"showParticleSystems":true,"showVisualEffectGraphs":true,"m_FxEnabled":true},"in2DMode":false,"pivot":{"x":-20.395193099975587,"y":12.982351303100586,"z":-5.077381610870361},"rotation":{"x":-0.16386470198631288,"y":-0.5349970459938049,"z":0.10677479952573776,"w":-0.8221696019172669},"size":0.8660253882408142,"orthographic":false}