{"cameraMode":{"drawMode":0,"name":"Shaded","section":"Shading Mode"},"sceneLighting":true,"audioPlay":false,"sceneViewState":{"m_AlwaysRefresh":false,"showFog":true,"showSkybox":true,"showFlares":true,"showImageEffects":true,"showParticleSystems":true,"showVisualEffectGraphs":true,"m_FxEnabled":true},"in2DMode":false,"pivot":{"x":-5.274458885192871,"y":7.4565653800964359,"z":-10.748590469360352},"rotation":{"x":-0.20530514419078828,"y":-0.30481234192848208,"z":0.06761609762907028,"w":-0.9278656840324402},"size":3.458688974380493,"orthographic":false}