{"cameraMode":{"drawMode":0,"name":"Shaded","section":"Shading Mode"},"sceneLighting":true,"audioPlay":false,"sceneViewState":{"m_AlwaysRefresh":false,"showFog":true,"showSkybox":true,"showFlares":true,"showImageEffects":true,"showParticleSystems":true,"showVisualEffectGraphs":true,"m_FxEnabled":true},"in2DMode":false,"pivot":{"x":3.9691195487976076,"y":-5.200229644775391,"z":12.606978416442871},"rotation":{"x":-0.26414015889167788,"y":0.0034726455342024566,"z":-0.0009350961190648377,"w":-0.9644994735717773},"size":12.336153030395508,"orthographic":false}