{"cameraMode":{"drawMode":0,"name":"Shaded","section":"Shading Mode"},"sceneLighting":true,"audioPlay":false,"sceneViewState":{"m_AlwaysRefresh":false,"showFog":true,"showSkybox":true,"showFlares":true,"showImageEffects":true,"showParticleSystems":true,"showVisualEffectGraphs":true,"m_FxEnabled":true},"in2DMode":false,"pivot":{"x":-6.590871810913086,"y":15.54474925994873,"z":-5.391444206237793},"rotation":{"x":-0.30725640058517458,"y":0.013398468494415284,"z":-0.0043680197559297089,"w":-0.9516299366950989},"size":9.367013931274414,"orthographic":false}