{"cameraMode":{"drawMode":0,"name":"Shaded","section":"Shading Mode"},"sceneLighting":true,"audioPlay":false,"sceneViewState":{"m_AlwaysRefresh":false,"showFog":true,"showSkybox":true,"showFlares":true,"showImageEffects":true,"showParticleSystems":true,"showVisualEffectGraphs":true,"m_FxEnabled":true},"in2DMode":false,"pivot":{"x":7.911783218383789,"y":16.043228149414064,"z":-26.962888717651368},"rotation":{"x":-0.1274951845407486,"y":0.0021243211813271047,"z":0.0001048536942107603,"w":-0.9921063184738159},"size":0.8660253882408142,"orthographic":false}