{"cameraMode":{"drawMode":0,"name":"Shaded","section":"Shading Mode"},"sceneLighting":true,"audioPlay":false,"sceneViewState":{"m_AlwaysRefresh":false,"showFog":true,"showSkybox":true,"showFlares":true,"showImageEffects":true,"showParticleSystems":true,"showVisualEffectGraphs":true,"m_FxEnabled":true},"in2DMode":false,"pivot":{"x":3.8771510124206545,"y":11.705018997192383,"z":-11.48574161529541},"rotation":{"x":0.24816380441188813,"y":-0.11109431087970734,"z":0.02827071025967598,"w":0.9624319076538086},"size":7.824182033538818,"orthographic":false}