{"cameraMode":{"drawMode":0,"name":"Shaded","section":"Shading Mode"},"sceneLighting":true,"audioPlay":false,"sceneViewState":{"m_AlwaysRefresh":false,"showFog":true,"showSkybox":true,"showFlares":true,"showImageEffects":true,"showParticleSystems":true,"showVisualEffectGraphs":true,"m_FxEnabled":true},"in2DMode":false,"pivot":{"x":-2.8621013164520265,"y":-17.80320930480957,"z":30.112241744995118},"rotation":{"x":-0.3706393539905548,"y":-0.025938814505934717,"z":0.010298843495547772,"w":-0.9284727573394775},"size":25.779582977294923,"orthographic":false}